{"cameraMode":{"drawMode":0,"name":"Shaded","section":"Shading Mode"},"sceneLighting":false,"audioPlay":false,"sceneViewState":{"m_AlwaysRefresh":false,"showFog":true,"showSkybox":false,"showFlares":true,"showImageEffects":true,"showParticleSystems":true,"showVisualEffectGraphs":true,"m_FxEnabled":true},"in2DMode":false,"pivot":{"x":5.533876419067383,"y":2.9137215614318849,"z":-17.638954162597658},"rotation":{"x":0.26531100273132326,"y":-0.6317617297172546,"z":0.28326594829559328,"w":0.6675426959991455},"size":1.6917946338653565,"orthographic":false}