{"cameraMode":{"drawMode":0,"name":"Shaded","section":"Shading Mode"},"sceneLighting":false,"audioPlay":false,"sceneViewState":{"m_AlwaysRefresh":false,"showFog":true,"showSkybox":false,"showFlares":true,"showImageEffects":true,"showParticleSystems":true,"showVisualEffectGraphs":true,"m_FxEnabled":true},"in2DMode":false,"pivot":{"x":6.6186699867248539,"y":-0.8458297252655029,"z":-12.596759796142579},"rotation":{"x":0.015013561584055424,"y":0.9971744418144226,"z":0.029535729438066484,"w":-0.018838301301002504},"size":0.8660253882408142,"orthographic":false}