{"cameraMode":{"drawMode":0,"name":"Shaded","section":"Shading Mode"},"sceneLighting":false,"audioPlay":false,"sceneViewState":{"m_AlwaysRefresh":false,"showFog":true,"showSkybox":false,"showFlares":true,"showImageEffects":true,"showParticleSystems":true,"showVisualEffectGraphs":true,"m_FxEnabled":true},"in2DMode":false,"pivot":{"x":8.51155948638916,"y":-1.1067638397216797,"z":-14.25986099243164},"rotation":{"x":0.15248024463653565,"y":0.05184369906783104,"z":-0.008068721741437912,"w":0.9868128895759583},"size":0.8660253882408142,"orthographic":false}