{"cameraMode":{"drawMode":0,"name":"Shaded","section":"Shading Mode"},"sceneLighting":false,"audioPlay":false,"sceneViewState":{"m_AlwaysRefresh":false,"showFog":true,"showSkybox":false,"showFlares":true,"showImageEffects":true,"showParticleSystems":true,"showVisualEffectGraphs":true,"m_FxEnabled":true},"in2DMode":false,"pivot":{"x":7.716259479522705,"y":-0.6543156504631043,"z":-15.683246612548829},"rotation":{"x":0.17764289677143098,"y":0.2507636249065399,"z":-0.046940501779317859,"w":0.9503467082977295},"size":0.8660253882408142,"orthographic":false}