{"cameraMode":{"drawMode":0,"name":"Shaded","section":"Shading Mode"},"sceneLighting":true,"audioPlay":false,"sceneViewState":{"m_AlwaysRefresh":false,"showFog":true,"showSkybox":true,"showFlares":true,"showImageEffects":true,"showParticleSystems":true,"showVisualEffectGraphs":true,"m_FxEnabled":true},"in2DMode":false,"pivot":{"x":9.834710121154786,"y":3.2764546871185304,"z":-19.092239379882814},"rotation":{"x":0.20259930193424226,"y":0.12736311554908753,"z":-0.026622701436281205,"w":0.9704902768135071},"size":11.273710250854493,"orthographic":false}