{"cameraMode":{"drawMode":0,"name":"Shaded","section":"Shading Mode"},"sceneLighting":true,"audioPlay":false,"sceneViewState":{"m_AlwaysRefresh":false,"showFog":true,"showSkybox":true,"showFlares":true,"showImageEffects":true,"showParticleSystems":true,"showVisualEffectGraphs":true,"m_FxEnabled":true},"in2DMode":false,"pivot":{"x":1.6855628490447999,"y":0.09819553047418595,"z":-16.505033493041993},"rotation":{"x":-0.19581551849842072,"y":0.1601339429616928,"z":-0.03213794529438019,"w":-0.9667066335678101},"size":1.6414228677749634,"orthographic":false}