{"cameraMode":{"drawMode":0,"name":"Shaded","section":"Shading Mode"},"sceneLighting":true,"audioPlay":false,"sceneViewState":{"m_AlwaysRefresh":false,"showFog":true,"showSkybox":true,"showFlares":true,"showImageEffects":true,"showParticleSystems":true,"showVisualEffectGraphs":true,"m_FxEnabled":true},"in2DMode":false,"pivot":{"x":-52.54103088378906,"y":38.663673400878909,"z":76.05964660644531},"rotation":{"x":0.09343881905078888,"y":-0.34388378262519839,"z":0.05831385403871536,"w":0.9300367832183838},"size":131.1482391357422,"orthographic":false}