{"cameraMode":{"drawMode":0,"name":"Shaded","section":"Shading Mode"},"sceneLighting":true,"audioPlay":false,"sceneViewState":{"m_AlwaysRefresh":false,"showFog":true,"showSkybox":true,"showFlares":true,"showImageEffects":true,"showParticleSystems":true,"showVisualEffectGraphs":true,"m_FxEnabled":true},"in2DMode":false,"pivot":{"x":13.741230010986329,"y":-116.9690933227539,"z":174.09194946289063},"rotation":{"x":0.2737518548965454,"y":0.016289500519633294,"z":-0.002371612237766385,"w":0.9595117568969727},"size":119.3996353149414,"orthographic":false}