{"cameraMode":{"drawMode":0,"name":"Shaded","section":"Shading Mode"},"sceneLighting":false,"audioPlay":false,"sceneViewState":{"m_AlwaysRefresh":false,"showFog":true,"showSkybox":false,"showFlares":true,"showImageEffects":true,"showParticleSystems":true,"showVisualEffectGraphs":true,"m_FxEnabled":true},"in2DMode":false,"pivot":{"x":15.2811279296875,"y":-0.23277942836284638,"z":-16.998146057128908},"rotation":{"x":0.016970084980130197,"y":0.9913320541381836,"z":0.02208135649561882,"w":-0.11087143421173096},"size":1.2247449159622193,"orthographic":false}