{"cameraMode":{"drawMode":0,"name":"Shaded","section":"Shading Mode"},"sceneLighting":false,"audioPlay":false,"sceneViewState":{"m_AlwaysRefresh":false,"showFog":true,"showSkybox":false,"showFlares":true,"showImageEffects":true,"showParticleSystems":true,"showVisualEffectGraphs":true,"m_FxEnabled":true},"in2DMode":false,"pivot":{"x":25.135501861572267,"y":-1.5337406396865845,"z":-7.479344844818115},"rotation":{"x":-0.023408185690641404,"y":-0.9933944940567017,"z":-0.005593608599156141,"w":0.08924360573291779},"size":1.2247449159622193,"orthographic":false}