{"cameraMode":{"drawMode":0,"name":"Shaded","section":"Shading Mode"},"sceneLighting":false,"audioPlay":false,"sceneViewState":{"m_AlwaysRefresh":false,"showFog":true,"showSkybox":false,"showFlares":true,"showImageEffects":true,"showParticleSystems":true,"showVisualEffectGraphs":true,"m_FxEnabled":true},"in2DMode":false,"pivot":{"x":4.777170658111572,"y":-1.9420113563537598,"z":-13.237662315368653},"rotation":{"x":0.27366867661476138,"y":0.061978716403245929,"z":-0.01767151616513729,"w":0.9596202373504639},"size":1.950138807296753,"orthographic":false}